1,,,,,8,,75751,0.2254,11,,,0.49,5,1.84298409,27.05367938,1,,,-0.925462656,2,,-0.489491644,,,,0.055274899,-0.010770136,2.95E-06,-0.000733787,-0.000737682,-6.96E-06,0.000423251,0.000437702,-7.63E-05,0.000644624,-5.98E-06,6.20E-06,,-0.000156363,,,-0.000430379,-1.96E-05,2.40E-06,-3.08E-05,,,-7.54E-06,,0.000415795,-0.000164064,-8.92E-06,-0.00043841,,9.86E-06,-0.000717646,-0.000161571,,,,-0.000582018,0.001003087,-9.87E-06,0.000133638,1.37E-05,-0.000142073,-0.001002579,-6.92E-06,-4.82E-06,-1.28E-05,,0.000706027,-0.000734051,-0.000731137,-0.001996312,-0.000152519,0.000132578,,,-6.52E-06,0.000712938,8.58E-06,,-0.000432234,-0.001152008,-0.000722517,9.98E-07,-0.003579311,0.000434972,-1.21E-05,-0.000132088,3.80E-06,0.000417629,-1.07E-05,,-0.002723725,-0.002996138,0.00012907,1.19E-05,-1.76E-06,-0.000136994,-0.003536704,-0.000142297,0.000134855,1.99E-05,-0.000131861,0.000448906,-7.87E-06,5.97E-06,0.000281622,-0.000139013,-0.000128449,4.88E-06,-5.48E-06,-0.001693501,-0.002140749,2.73E-06,-0.000274172,-1.50E-05,0.001278554,0.000281603,-2.61E-06,-0.000155787,2.38E-05,-0.000560451,-0.000579982,0.000138085,-0.002276953,0.000125099,0.000406198,-0.000426658,-1.34E-05,-0.00084338,0.000166611,0.000568873,0.000694916,,0.000700047,-0.000843147,0.000267968,-0.000415211,-0.001132746,4.43E-06,-0.000137426,-9.33E-06,0.000134078,-0.000136905,-0.000564938,-0.0007038,-0.00560459,0.000826277,0.001966305,0.002676198,0.000421602,-0.00042783,-0.000539066,-0.002112695,-0.001400298,-1.67E-05,-0.002800557,-2.57E-06,0.002098531,0.000698387,0.000547008,-0.001975594,1.22E-05,0.001112141,0.000284065,2.51E-06,-0.001976062,-0.000842139,-0.00138979,0.000148378,0.000284694,0.00125424,-0.000130315,0.000126103,0.00097849,0.000150663,0.002642017,-1.68E-05,0.00014024,1.53E-05,-1.14E-05,0.001683478,-0.000286412,1.02E-05,0.000152254,0.000578698,-0.000150197,0.00082166,0.001391529,0.000291881,1.93E-06,0.001132686,-0.000134251,0.001539415,-0.000141659,0.000860902,0.000544404,-0.002688161,0.002246448,-0.000838479,-0.000695322,2.88E-06,-0.00197373,-0.019512034,0.028846364,1251507.966,1564384.957
2001,,-0.976143984,0.783394705,0.078860995,10,0.261056088,39176,0.2109,16,5,-0.977102925,,,1.567656336,0.226932011,1,-1.414799473,1.821184562,-1.755404053,9,1.280371037,-1.490924434,1.476699141,-2.374439178,-0.825287508,0.004145593,0.001631693,-0.000599395,0.000134097,0.000152266,0.000135787,-0.001538687,0.000542616,-0.000541732,-0.000291872,-0.000922244,0.000319823,-0.000606182,0.000900439,-0.000613465,-0.000633516,-0.000615792,-0.000386548,0.000385807,-0.0003089,-0.000310578,-0.000608812,-0.000311982,8.01E-05,-0.000379522,-0.000771443,-0.001689227,0.000298537,-0.000292196,-0.000309314,-0.00057231,0.00025178,-0.000621005,-1.12E-05,0.000616109,2.41E-05,0.000292066,2.40E-05,-0.000616921,6.92E-06,0.00031351,-0.000591806,-0.000201467,-0.000147846,-0.000319488,-0.000614624,0.001535061,0.000218786,-4.53E-05,-0.00092109,0.000160082,1.00E-05,-0.000920328,-1.01E-05,-0.000153978,-9.18E-06,-0.000152576,2.20E-05,0.000271461,-0.000258168,-0.000327352,0.000914185,-0.000309084,-0.00061644,-9.54E-05,0.000629495,-0.00023435,0.001229562,-0.000247427,0.000238937,7.72E-06,-0.000299488,0.000310792,0.000709721,-0.000390175,0.000603418,-0.000307933,0.000617322,0.000907638,0.000609795,-0.000303962,-1.27E-06,0.0003254,-0.000357275,-0.000242886,0.000599949,-0.000624325,-0.00030931,2.93E-06,0.000598188,-0.000309909,-0.00027919,-0.000246528,-6.37E-05,-0.000451595,0.000143317,0.000919091,0.000907224,-0.0003082,5.76E-05,0.000842636,-0.000629316,0.000310701,-0.000296737,0.000309459,0.000821999,-7.36E-05,-0.000461289,1.11E-05,-0.000297398,6.21E-06,0.00044923,-0.000769611,3.50E-06,0.000631155,-0.00030135,-7.50E-06,0.000613614,0.000613773,0.000479066,-0.000235745,0.0003899,-0.00091517,-7.75E-06,-0.000293295,0.000316333,0.000606031,-0.001072407,0.000155519,-1.47E-05,-0.000613486,-0.000299251,-0.000935116,0.000301274,0.001242969,-5.91E-06,-0.001235552,0.001234012,-0.000925685,-0.000299123,-0.000289768,1.46E-05,0.000299904,0.00061447,-0.000595789,0.000618028,0.000468244,-0.000776708,-2.42E-05,0.000471976,-0.000462523,0.000156556,0.000157095,0.000599396,2.66E-06,0.00060087,-0.001072152,0.000464704,-2.14E-06,0.000620515,-0.000455861,-0.000172019,0.000167296,0.000147182,-0.000626844,-0.001212754,0.001523181,-0.000603314,-0.000703623,-0.000138246,-9.79E-05,-1.02E-05,0.000925856,-0.000595332,0.000605476,0.000615075,0.00031415,-9.02E-06,0.00015473,-0.000161197,0.000619565,-0.014992243,-0.024453425,1465663.942,1832079.928
4001,9,-0.647377561,1.431645223,1.260255673,2,0.319580659,75099,0.365,12,5,-1.957916584,0.39,6,1.430111945,3.839881394,1,-0.734790402,1.041583594,-1.247957512,2,1.298252603,-1.390632509,1.333317538,-1.521510986,-0.695006701,0.010210951,-0.006134806,-0.000393137,0.00035248,7.95E-07,-2.84E-05,-2.33E-06,-1.61E-05,2.81E-05,-9.05E-06,-3.45E-05,3.39E-05,6.24E-06,0.00038562,-4.77E-06,9.01E-06,1.85E-05,-1.05E-05,-1.05E-05,-1.17E-05,0.001116582,7.37E-06,1.21E-05,3.62E-06,-4.20E-05,-0.000344585,-0.000379929,-2.97E-06,-7.08E-06,3.10E-06,8.07E-07,1.46E-05,0.000367324,0.000387593,-0.00037942,0.000389403,7.20E-07,-0.000175644,-0.000548117,2.35E-06,5.66E-06,-0.000188015,0.000565155,0.000364258,-0.000363297,0.000378981,-0.000372563,0.000375892,-0.000296123,0.000676463,-6.12E-06,-0.000369605,1.15E-05,0.000383776,4.60E-06,-9.89E-05,-0.000254736,0.000390235,-3.28E-06,1.12E-05,-2.65E-05,6.56E-06,-0.00113428,3.09E-06,0.000382872,0.000757655,-0.000317876,-7.14E-05,-0.000400034,2.53E-06,3.59E-08,-0.000393422,-0.000681745,0.000305466,-0.000215708,-7.23E-06,-0.000941573,-0.001315511,0.000565032,-0.000744387,0.000387774,0.000380716,3.71E-06,-0.000737465,-0.001495816,0.000378378,5.24E-06,0.000381127,-0.000375717,-2.35E-06,-0.000375203,-0.000123911,-0.00101878,4.94E-06,-0.00072378,0.000381158,2.47E-06,2.59E-06,1.20E-05,-0.000768735,0.000377424,7.88E-06,-9.17E-06,-3.07E-06,2.29E-05,0.00074635,9.75E-06,-0.000744449,0.000367848,-0.000175124,-0.000382899,-0.000179728,0.000742337,-0.000728277,-0.000392287,1.19E-05,-9.02E-06,-0.000371121,-0.001119355,-0.000375608,1.90E-06,-0.000747753,1.30E-05,0.000383529,1.21E-05,0.000390683,-0.000354017,0.001107828,-0.000759492,-8.59E-06,2.03E-05,-8.39E-06,2.73E-05,0.001468856,-0.00026596,-0.000103917,-0.001866934,0.001501672,-0.000726815,-0.000185259,-0.001308445,-0.002607245,-0.00111852,0.000375708,0.000349315,-1.63E-05,-0.000934395,0.001294449,-0.001122791,0.000765021,0.000743315,0.001100526,-0.00038273,-0.000386792,0.000762995,1.19E-06,8.09E-07,0.000372651,0.001131769,-0.000180158,0.000899054,-0.000333795,0.000358707,2.29E-08,0.000379437,0.001490505,0.000361826,-1.09E-05,0.001486438,-0.000192765,5.07E-06,0.000159545,-0.000347315,0.000144671,-0.000129276,0.000735271,0.000366659,1.12E-05,0.000744195,-0.000380116,-1.35E-05,-0.018364298,0.03016669,1379424.497,1724280.621
6001,,-0.616006893,,0.50973277,6,0.283331837,68443,0.3451,12,,-0.890652526,0.25,,1.391669815,8.344365458,1,-0.727199773,0.764042682,-1.199144296,8,0.230178532,-1.186089319,0.032054699,0.080252548,-0.640659872,0.007949594,-0.014867716,-0.000397994,0.000393158,0.000394661,-0.000190364,0.000790397,0.00018223,0.000393488,0.000395543,-0.000389079,-3.68E-06,0.001188821,0.000281139,0.000911388,-1.36E-05,-0.00038592,-0.000402629,0.000396379,-0.000385174,0.000188876,1.98E-07,0.000192472,-0.000408092,9.61E-06,0.000793068,-0.000394945,-0.000399817,-0.000216192,-0.000572123,0.000202975,0.000206436,0.001060463,0.000116186,0.000795845,0.001581008,-0.000392857,-0.000788573,-0.000797141,0.000378133,0.000388435,-0.000475451,8.73E-05,6.91E-06,-1.26E-05,-7.07E-06,-1.69E-05,0.000407286,1.03E-05,-0.000781158,0.000773293,-2.86E-05,0.000583568,-0.000786426,0.000200789,0.00039499,0.001190323,-0.000124863,0.0009019,-0.001972768,0.00038922,-0.001537204,0.000742674,6.91E-06,-0.000400121,-0.000382089,-0.000387155,0.000393693,3.57E-06,-0.000364077,-3.33E-05,0.000377362,0.00079051,-0.000387558,0.000793969,-0.000783778,-0.000387036,0.000389775,-0.001568282,0.000780236,-0.000817097,-2.67E-07,-0.000408884,-2.43E-05,-0.000790836,5.34E-06,-0.000390494,1.83E-05,-0.000796399,-0.000778824,0.000782539,2.91E-06,0.000388781,-0.000792057,-0.000393854,1.53E-06,0.001155039,-0.000386087,0.000409294,-0.000792898,0.001188675,0.000380714,-0.000788106,0.000384796,-0.000841917,-0.00032759,-0.000402212,0.000767318,-0.000399063,0.000788023,-0.000764473,0.000400996,0.001173633,0.000401509,-0.00076798,5.32E-06,0.000669989,-0.000648593,0.001559388,0.00040037,0.000791311,-4.15E-05,-0.000746516,0.000395491,-0.000412319,-0.000348873,0.00039366,-0.000808229,0.000394149,0.000400154,-0.001172138,0.000624018,-0.000229652,-0.000369918,0.000286266,-0.000674477,0.001576121,-0.00038929,0.001569825,-0.000795218,-0.000797454,0.000782531,-0.000780104,0.000789235,-0.001960111,1.95E-05,0.000404977,4.44E-06,-0.001153348,-0.000904631,0.000111618,-0.001167646,1.19E-05,-0.000398211,1.09E-05,0.00038645,-5.78E-06,-0.000803203,3.07E-06,-0.0007944,0.000405499,-1.15E-05,0.00078808,-0.000761991,5.26E-06,-0.001192352,-0.00040048,0.000396993,0.000770656,2.76E-05,-5.66E-05,-0.000394229,-0.000780253,-0.000392812,0.000417279,0.000383032,-0.000407975,0.001558295,0.000394984,-0.001177414,5.84E-06,-0.000903268,-0.018248567,1643426.433,2054283.041
8001,,,0.437418926,,7,0.073883692,14925,0.3318,13,,-0.631426558,0.95,2,1.691187814,5.188841933,1,-0.338927291,0.21526354,,5,0.255775325,-1.942161428,0.951392016,-0.417523585,-0.568042317,-0.014278625,-0.002838171,0.000914306,-1.19E-05,0.000565238,-0.00218139,-0.000188188,-0.000746992,0.00128633,-0.001100828,-0.000366664,-0.001102181,-0.00019572,0.000385713,0.001278976,1.62E-06,0.001461697,0.001648827,-0.000340816,0.000348208,-0.001302369,0.000179637,0.001456115,-0.001996556,0.000912299,-0.000935274,0.001652017,1.57E-05,-0.001463284,0.001289824,-0.000352682,-0.000174493,-0.001823195,0.002029196,6.26E-06,-0.001108468,-0.001088029,0.000726619,-0.002391036,0.000162253,3.73E-06,0.000365866,-4.57E-06,-0.000536828,-1.51E-05,,0.000709985,0.001815253,-0.000181659,0.000179611,0.000189316,0.000911482,-0.000185129,-0.000365094,-0.000193425,-0.00036405,0.000892012,-0.000733997,-0.000930008,0.000171422,-0.001471289,-0.001987984,0.001448821,-0.000175804,0.000145623,0.000729543,-0.000170972,-0.000174178,-0.000179366,0.000198801,0.000723964,0.000197467,0.001620512,0.000730539,0.000741143,-0.000186954,-0.000363779,0.000723463,-0.001266407,-0.001283444,0.000163092,0.000530656,0.001104731,-0.00073955,0.000728795,-0.000189881,-0.001823691,0.001107292,0.00074224,-0.001822838,0.002201352,-0.000920849,-0.000745151,-0.001107032,-0.000182371,-0.000365742,-0.000723832,0.000366075,0.000339904,-0.000711618,0.0007146,-0.000722384,0.000560471,0.00108978,0.001824709,-0.000926595,0.000727025,-0.002013623,-1.81E-05,-0.000918692,0.001284212,-0.000734837,-0.000550278,-0.000181831,-0.000180446,-0.000186292,0.000168759,0.002365594,-0.002382608,-0.000180988,0.000920274,-0.001647786,0.002377141,0.000553834,0.002368326,-4.21E-06,-0.000377773,0.000545486,1.55E-05,0.000349536,1.36E-05,0.001462977,-0.001460018,0.000547893,0.003673725,1.63E-05,-0.000365311,-0.000196684,0.000178968,0.000366936,0.002026844,0.001484104,-1.31E-06,-0.000912963,-2.30E-06,-0.001661976,-0.001661959,0.000174132,6.52E-06,0.002190686,0.002957663,0.004258325,-0.002218748,-0.000177302,-0.0003744,-0.001469448,-0.000718826,0.000390849,-1.06E-05,0.000748863,0.000194263,0.000184785,0.000547639,0.001300871,0.001116647,-2.13E-06,0.000919676,0.001659468,-0.000943561,0.001116802,0.000373519,0.00221869,0.000202282,-0.00018324,0.000370676,-0.000365156,5.35E-06,-0.00243065,0.002063324,0.000381806,-5.77E-06,0.008808153,-0.01538387,1261167.913,1576459.892
10001,,-0.883533845,1.021861718,-0.129004766,9,0.549920352,5057,0.365,14,5,-0.173296139,0,1,1.882809277,0.273553361,1,-1.300200605,2.316149924,-1.75065019,3,1.369335232,0.336947486,1.750623077,0.30412547,-1.160809383,-0.015137524,-0.007253776,0.000312082,0.000205052,0.000321034,-0.00037758,0.000469145,-0.000108178,-0.000735659,0.000327224,0.000220413,-0.00030645,-4.90E-06,0.000219019,-1.09E-05,-0.000316469,-1.17E-05,0.000209611,0.000482995,3.64E-05,0.000216152,0.000415691,0.000104303,-0.000636949,0.000110837,0.000107716,9.84E-06,-8.15E-05,-0.00014095,-0.000210541,0.000431167,-0.000326351,-6.85E-06,-0.000641336,0.00011433,9.91E-05,-0.000173893,9.88E-05,-0.000189415,-0.000493357,2.79E-05,-0.000422922,-9.00E-05,-0.000520115,0.000112431,-0.00022247,0.000108683,-0.000219914,9.90E-06,7.02E-05,3.36E-05,-0.000210306,0.000209714,-0.000213095,7.97E-05,0.000221767,-0.00026827,-0.000134269,9.96E-05,0.00015794,-6.15E-05,0.000200456,-0.000523395,9.60E-05,0.000118375,7.47E-05,-0.000108108,8.37E-06,5.40E-06,5.78E-06,3.82E-05,0.000208764,-9.82E-05,0.000111046,-3.17E-06,0.000206405,0.000210413,0.000522874,0.00051712,0.000210559,-0.000508617,-0.000409374,0.000993784,0.00142046,-0.000731792,-8.98E-05,-0.000301732,-0.000414629,0.000108501,-0.000220635,-0.000412073,-1.28E-05,-0.000418888,-0.000845362,-0.000307077,0.000423139,-0.000203159,0.000561624,0.000173947,0.000280781,1.62E-06,-1.83E-05,0.000417189,-0.000212096,0.000306246,-1.04E-05,0.000754325,-0.000491602,-0.000271022,-9.20E-05,0.000637852,8.27E-08,0.000100305,0.00019553,0.000225487,-0.00040501,0.000399307,-0.000107776,-0.000226215,-0.000322585,-3.83E-06,-0.000304544,-0.002210482,0.000207516,2.24E-06,0.000114758,0.000323705,-0.000121498,0.001052366,-0.000297662,0.000733983,9.84E-05,0.000635445,0.000402772,0.000223544,-0.00073462,-0.000410364,-0.000616354,0.000309655,-9.91E-05,-3.39E-05,2.28E-05,-0.000195447,-0.00041727,0.00010808,-0.00043713,0.000317636,0.000842057,0.000842957,0.000401006,-0.000103087,-0.00040888,0.000150145,4.56E-05,-0.000109663,-0.000471019,-0.000263263,-0.000516269,0.000526543,-0.00023335,-0.000235071,-6.78E-05,0.001057942,-0.000298899,-0.000305969,8.76E-05,-6.56E-06,0.000304462,-0.000405554,-0.000211175,-0.000742668,0.000226392,-0.000633198,0.000443486,-0.000634086,-0.000204578,7.40E-05,0.001791271,9.77E-06,-0.000429686,0.000423259,-0.053673793,-0.004589937,1239696.704,1549620.879
12001,,-0.61216416,0.65713994,0.597357012,6,0.370053167,78437,0.2064,15,,-0.287675413,1,8,1.598733187,12.81182759,1,-0.041470839,-0.075664008,-1.176206334,8,0.263044488,0.308523015,0.989252554,-0.65193105,-0.643807571,0.000306761,-0.002517659,3.07E-06,-7.89E-06,-0.000266412,1.94E-05,0.000279407,5.48E-06,-0.000282543,0.000560012,-0.001130359,-0.000277704,0.000592662,-1.59E-05,0.000268266,,0.00027775,4.08E-07,-1.78E-06,-0.000270611,-1.81E-07,8.57E-06,0.000236637,-0.000288976,0.000280188,-0.000287129,-2.04E-05,0.000279231,-0.000295464,7.85E-06,0.000271993,-0.000265277,0.000262918,,-7.00E-06,-0.000283485,0.000270135,-0.000310679,0.000271891,0.000556682,-7.55E-06,0.000283347,0.000567129,-6.83E-06,2.64E-05,0.000272838,0.000569656,4.68E-06,4.83E-06,-0.00027957,0.00029277,-0.000262942,0.000181918,0.000103155,-0.000286352,0.000261361,-0.00081956,-2.14E-05,-1.90E-05,0.000142987,1.20E-05,3.16E-06,0.000137088,-1.15E-05,-0.000274253,1.72E-05,2.10E-05,0.000287278,-0.000285783,0.000143872,0.000155352,1.71E-05,0.00015309,-0.000143398,0.000292911,-0.000290625,6.60E-06,0.000124465,-0.000148808,-0.000584322,0.000151218,,-0.000144403,0.000296222,-6.43E-07,-8.26E-06,2.80E-06,1.97E-05,-0.000256262,0.000272051,0.000130343,0.000137244,5.70E-07,0.000439289,-0.000132335,3.85E-06,0.000285584,-0.000289018,0.000273261,-0.000304082,0.000283966,-2.42E-06,-9.27E-06,-0.000282891,3.44E-06,0.000301201,-6.04E-06,9.12E-07,6.13E-07,0.000561441,-0.000266664,-1.77E-06,0.000154197,0.000132555,-0.000301684,2.44E-05,0.000270754,-0.000272653,-1.46E-05,0.000276116,-3.42E-06,1.12E-05,0.000283249,-2.17E-05,8.93E-06,8.53E-06,-0.00086554,1.92E-05,-1.16E-05,0.000292747,-0.000299755,0.000280888,0.000275019,-0.000285574,0.00026795,-0.000253545,-6.75E-06,-4.87E-06,-4.20E-06,6.35E-06,-0.000262132,0.000514863,-0.00057952,0.000267453,-0.000295656,7.17E-06,-0.000282489,0.000287299,0.000274847,-1.66E-06,0.000273284,-1.26E-05,-5.04E-06,4.56E-06,-0.000285117,0.000293526,-1.89E-05,-1.08E-06,-2.98E-06,-0.000278436,0.000278079,3.23E-06,-0.000293702,-0.000273108,0.000259379,-0.000280289,-0.000281755,1.48E-05,-1.20E-05,1.62E-05,0.000278971,0.000274189,-0.000565567,-0.000281292,0.000130648,0.000172861,-0.000276052,0.000131218,-0.000135014,0.000275098,5.02E-06,-0.005247178,-0.006868936,2125571.922,2656964.902
14001,,-0.386129919,0.52677373,0.83935338,10,-0.386605997,54331,0.0174,10,,-0.378159843,0.97,8,1.938010688,0.902490571,1,-0.041650523,0.053758997,-1.065467167,5,-0.164447659,-1.32218878,0.880683736,0.700022996,-0.574861905,-0.005555991,-0.009254926,-0.000215853,4.77E-05,-5.61E-05,-0.000236707,-0.000338813,-0.000115863,-0.000117629,0.000766965,2.18E-05,-0.000124837,-0.000115244,-0.000222842,0.000118514,-0.000122533,0.000114713,0.000103853,-0.000552875,,0.000121736,-0.000123587,-0.000152738,-3.34E-05,-9.44E-06,0.000217787,0.000241691,,,-0.000110488,0.000580649,0.000459231,-0.000100848,-0.001246113,,0.000322499,0.000101839,2.92E-06,0.000343439,-2.25E-05,-0.00021494,,-0.000342171,-0.000140767,1.14E-05,0.00012892,-2.86E-06,0.000443806,,0.000116776,-9.65E-06,,-2.81E-06,-0.000114447,0.000236813,-0.000890222,0.000346263,,-0.000667038,,-0.000118685,0.000112638,0.000116314,-0.000621607,-5.34E-05,0.00022139,5.05E-06,,0.000449421,-0.000799324,0.000220971,-8.82E-07,0.000110415,0.000336857,0.00010956,-0.000560901,0.000103768,0.000556605,-0.000128606,0.000437527,-0.000215329,-6.73E-06,-0.000400838,-0.000289272,-1.60E-05,0.000572611,-0.000125611,0.000446708,-0.000358523,,-1.92E-05,0.000107444,-0.000123305,0.000453114,,-0.000100176,0.000105963,-0.000105172,-0.000225749,0.000800023,0.000634974,-0.000280662,4.66E-06,0.000106042,-7.87E-06,-0.000232425,-7.65E-05,-0.000662026,0.000513146,0.000188897,-0.000680182,0.000124671,-0.00022749,0.000683087,-0.00052414,-5.47E-05,0.00016654,0.000393209,-1.58E-05,-6.49E-05,-7.24E-05,0.000571339,-0.00025303,4.06E-06,-0.000353021,-0.000346982,9.48E-05,-0.000230176,0.000241138,-2.84E-05,0.000115898,0.000181525,5.54E-05,0.000363679,0.000438198,0.000226583,-2.92E-07,-5.07E-05,-0.000962697,-0.000112723,0.000327345,0.000223476,-0.000111083,0.00011232,-0.000564769,-0.000109419,0.000449461,0.000462542,3.40E-06,0.000112794,0.000118514,-8.08E-06,-4.68E-05,-0.000153516,0.000206556,0.000114056,1.52E-05,-0.000453864,7.42E-05,0.000158679,0.000358749,0.000219014,-0.000350835,-0.000125026,0.000118018,0.000548371,-0.000590793,0.000730448,-0.000115027,6.44E-05,-0.000329142,-0.000120669,-0.000279788,0.00051086,0.000351146,-0.000334832,0.000119876,0.000222467,-0.000115838,0.000120475,-0.000340194,-0.006972301,0.020810538,1934300.057,2417875.071
16001,1,-0.000139892,0.591320328,-0.127312387,5,0.226396513,22152,0.0166,10,5,-0.719352273,0.32,4,1.896844236,0.94522311,1,-0.653494153,0.692849477,-1.141693552,4,0.408279865,-2.056192808,1.122884275,-0.278153368,-0.442835257,-0.014637722,0.003264304,-1.51E-05,-0.000451258,-0.000326004,0.000347069,0.000120834,-0.000563466,-0.000788904,0.000222579,-2.37E-06,0.000241685,0.000443888,-0.000120524,1.02E-05,1.18E-06,-0.000109274,0.000102633,3.99E-06,-0.000122617,-0.000215243,-0.000123529,8.92E-05,-0.000231671,-0.000113275,-0.000239428,0.00033855,-0.001231248,0.000445238,0.000787198,1.71E-05,-0.000910199,0.000121232,-0.00022414,0.000225628,0.000423755,-0.000126196,0.000116184,-0.000446143,0,0.00033665,-0.000220012,0.000464306,-0.000902106,-0.000223895,-3.64E-06,5.17E-05,0.000507813,-0.000109217,1.86E-05,-9.37E-05,0.00022706,0.000573427,-0.000426051,-0.000336397,0.000330302,-8.37E-08,0.000347721,-0.000347891,5.74E-06,-0.000323909,5.85E-05,-0.00016417,2.00E-05,0.000557652,-0.00011219,6.73E-06,8.77E-05,-0.000326948,-0.000217848,-0.000336024,-0.000100847,0.000117582,0.00033316,0.000333724,-0.000444534,-0.000456913,-0.000223924,-0.000232325,0.000664404,0.000291428,-0.000507142,0.000231727,-0.000115131,-3.37E-06,-0.000459246,2.01E-05,0.000222621,0.000331039,0.000123088,0.000210379,0.000788834,-0.000223886,0.000327635,-0.000110516,-3.57E-06,-0.000337209,-0.00034687,0.000217185,2.73E-06,0.000338656,-0.000118599,0.000228929,0.000222926,0.00012035,-0.000326255,-0.000222481,-0.000219504,0.000352439,-0.000343945,,1.08E-05,,-0.000330665,-0.000447807,0.000108618,-0.000655107,0.000536101,8.50E-06,0.000680889,0.00013143,-0.000116212,-0.000626227,0.000738534,0.00011868,-0.000453872,0.000355414,-0.000670485,0.000238826,-0.000330593,-0.000343018,-0.000115673,0.000549222,0.000325466,0.000338119,0.000119097,0.000326512,-1.22E-05,-0.000111247,-0.000690768,0.000228148,0.000237688,-0.00054902,0.000899563,-5.59E-06,-8.61E-05,0.000439025,0.000459024,-0.000437746,-0.000898654,0.000219065,-0.000676089,-1.50E-07,-0.000679606,0.000220438,1.20E-05,0.001006457,-0.000222186,9.81E-05,-0.000335966,0.000114403,0.000898353,0.000241224,0.000110462,0.000105673,0.000125906,0.000116281,-0.000249669,-0.000564871,-9.31E-06,-0.000215171,-0.000321231,0.00077133,-0.000435368,0.000801154,0.000213111,-0.000808228,0.000590128,0.000118032,-2.25E-06,0.000122152,-0.014142956,0.007823906,1639146.227,2048932.784
18001,5,-0.478629438,1.12039271,0.927169854,5,0.870372238,87553,0.0107,13,5,-1.233210234,0.13,1,1.889971631,7.049260954,1,-1.246861648,1.640976477,-1.494124432,,1.268090176,-2.552046901,1.318815845,-0.992985878,-0.81830611,-0.006857555,0.023830368,-9.32E-05,0.000790293,0.000258188,-0.000715844,0.001263606,0.00106212,-0.000390467,-0.000262288,0.000794229,0.001313671,-0.000123629,-0.000403006,-0.000648834,-6.61E-07,0.000859962,2.98E-05,0.000677996,0.000259619,-0.000126386,-0.00012353,0.000266757,-0.000399973,0.00078013,-0.000400988,0.000779726,-0.000370532,-0.0002765,0.000141034,0.000668724,0.000126174,-0.000802027,0.000771271,3.32E-05,-0.000539314,0.000170466,-0.000186622,0.000412808,-0.000249682,0.000123136,2.12E-05,0.000385173,-0.000124079,-1.73E-05,-0.000920242,0.000393207,0.000188295,-0.000102388,-0.00072774,0.000561537,-6.11E-05,-0.000139531,0.000341798,-0.000584295,0.000405847,-2.77E-06,0.000156783,0.000139897,-2.45E-05,-0.00079773,0.000263216,0.000272988,-1.15E-05,0.00026879,-0.000127721,-0.000266172,0.000407428,-7.60E-05,0.000196564,-0.000193721,7.60E-05,-0.000650327,1.03E-06,0.000406197,8.58E-05,3.35E-05,0.000249487,0.000142995,0.000271127,0.000402137,-0.000264632,2.47E-05,0.000143258,-0.000214855,0.000331948,0.000499337,-6.16E-05,2.10E-05,0.000127642,-0.000131648,0.000513297,5.47E-06,0.000408452,0.000249787,-0.000539011,-0.00013559,-0.000279977,-0.000376532,5.90E-06,-5.56E-06,-0.000393526,-3.95E-05,-0.000342367,0.000244721,-0.000143701,0.00037546,2.46E-06,0.000258851,1.39E-05,0.000135972,-0.000135267,-0.000136064,0.000268405,-0.000395496,-0.00013455,-0.001067849,-0.000395381,0.00055618,0.000150374,-0.000145027,-0.000542919,-0.000132387,0.000125803,-0.000119013,0.000750568,2.02E-05,-0.000265602,-0.000136744,0.00012469,0.000114838,-3.80E-05,-7.15E-05,0.000398066,-0.000127861,-3.22E-06,0.00118502,-0.00013434,-1.60E-05,-0.000908969,0.000133486,-0.000405552,-1.27E-05,-0.000406809,0.000150756,-0.000122137,0.000514762,-0.000544474,6.30E-06,0.00052329,-0.00045942,0.000737028,-0.000324276,0.000316617,-0.000274894,-1.64E-05,0.000355348,6.00E-05,0.000259078,-0.000605764,0.000723846,-0.000647855,0.000136522,-0.000129391,0.000136004,-0.000378281,0.000250051,-6.86E-06,0.000305438,-0.000317267,-0.000533312,0.000385018,6.51E-06,-0.000140333,-1.49E-05,0.000282994,-6.55E-05,0.000722295,0.000276281,-0.000121511,-3.08E-06,-0.005309609,-0.012928839,1515474.912,1894343.64
20001,,,4.094811655,1.740752623,9,1.036850639,21007,0.0163,12,5,-6.526201528,0.94,4,1.944935761,4.459102679,1,-2.16673225,5.251249611,-3.014138646,7,3.528973936,-2.238720299,2.734345589,-3.117303057,-1.42105758,-0.005787024,-0.026855223,-1.07E-06,-0.000499251,-0.000650536,0.000653352,-0.000113518,0.000144328,0.000375753,0.000526803,-0.000100397,-0.00133392,0.001280547,0.000243068,-0.000193115,0.000591076,-0.000773782,-0.000258727,-0.00056809,0.00085489,0.000362048,0.000378629,-0.000340971,0.000340624,-0.000128897,-0.000135533,-0.000388528,-5.55E-06,0.000373252,0.00037216,0.000395673,-0.000129417,0.000774224,0.000126262,-0.00038779,-0.000397336,-0.000382792,0.000126478,0.000280821,0.000752459,-0.000120551,0.000109376,0.00028118,2.89E-05,0.000107951,-0.000758482,-0.000772976,-0.000140381,0.000710796,0.00018703,-0.000270848,0.00041634,-0.000765666,0.000308412,0.000217894,-0.00102662,0.00045989,-0.000713883,-9.42E-05,9.04E-05,-0.000143795,9.01E-06,0.000768777,0.00052433,-0.000380206,-0.000656959,-0.001537613,0.000628464,0.000125976,0.000366206,0.000255707,-0.000570417,0.000873548,8.70E-05,-0.000500278,-0.000251561,-0.000256878,-0.000400977,0.000527938,-0.000495722,-0.000262897,-0.000252416,0.000113769,-9.57E-05,0.000195066,-0.000909108,-8.76E-05,-8.59E-06,0.000367792,-9.05E-07,-5.73E-06,0.000269406,0.000234199,-0.000251213,0.000220839,0.000396904,0.000910349,-0.000705347,0.000775705,-0.000446725,-0.000126412,0.001247607,-0.000747644,-0.000514291,-0.000133071,0.000172237,0.000584552,-0.000249171,-0.000375338,-0.000188278,-0.000826988,0.000668325,-0.000390861,0.000287244,0.000661088,0.000522916,0.000130926,-0.000889484,1.00E-05,0.000121081,-0.000691906,-0.000566238,0.000514186,-0.000122476,0.001282836,-0.000637815,-0.000765093,-0.000372481,0.000562866,-0.000457926,-0.000108716,0.000251455,0.000489286,-0.000250425,0.000551947,-3.24E-05,-0.000529109,-1.48E-06,0.000630455,-0.00012308,0.000308796,-0.000272559,-0.000518115,-0.001279817,0.000526362,0.000558427,0.000676321,-5.59E-05,0.000276026,0.000651127,-0.000517703,-0.000194409,-0.00031071,0.00038637,-0.000791044,-0.000369788,0.000242418,0.000128688,-0.000138144,-6.58E-06,-2.18E-06,-0.000321561,-0.000189068,-0.00037569,0.000321894,6.53E-05,-0.000452658,-0.00057072,0.000647469,0.00026528,0.000861078,-0.001238774,0.000309705,-0.00031433,-0.000897118,0.000787876,-0.000261805,-0.000129984,2.78E-05,-0.000767734,0.000519907,0.010228102,-0.008626217,1240124.055,1550155.068
